<application>
  <component name="ProjectJdkTable">
    <jdk version="2">
      <name value="24" />
      <type value="JavaSDK" />
      <version value="Oracle OpenJDK 24.0.1" />
      <homePath value="C:/Program Files/Java/jdk-24" />
      <roots>
        <annotationsPath>
          <root type="composite">
            <root url="jar://$APPLICATION_HOME_DIR$/plugins/java/lib/resources/jdkAnnotations.jar!/" type="simple" />
          </root>
        </annotationsPath>
        <classPath>
          <root type="composite">
            <root url="jrt://C:/Program Files/Java/jdk-24!/java.base" type="simple" />
            <root url="jrt://C:/Program Files/Java/jdk-24!/java.compiler" type="simple" />
            <root url="jrt://C:/Program Files/Java/jdk-24!/java.datatransfer" type="simple" />
            <root url="jrt://C:/Program Files/Java/jdk-24!/java.desktop" type="simple" />
            <root url="jrt://C:/Program Files/Java/jdk-24!/java.instrument" type="simple" />
            <root url="jrt://C:/Program Files/Java/jdk-24!/java.logging" type="simple" />
            <root url="jrt://C:/Program Files/Java/jdk-24!/java.management" type="simple" />
            <root url="jrt://C:/Program Files/Java/jdk-24!/java.management.rmi" type="simple" />
            <root url="jrt://C:/Program Files/Java/jdk-24!/java.naming" type="simple" />
            <root url="jrt://C:/Program Files/Java/jdk-24!/java.net.http" type="simple" />
            <root url="jrt://C:/Program Files/Java/jdk-24!/java.prefs" type="simple" />
            <root url="jrt://C:/Program Files/Java/jdk-24!/java.rmi" type="simple" />
            <root url="jrt://C:/Program Files/Java/jdk-24!/java.scripting" type="simple" />
            <root url="jrt://C:/Program Files/Java/jdk-24!/java.se" type="simple" />
            <root url="jrt://C:/Program Files/Java/jdk-24!/java.security.jgss" type="simple" />
            <root url="jrt://C:/Program Files/Java/jdk-24!/java.security.sasl" type="simple" />
            <root url="jrt://C:/Program Files/Java/jdk-24!/java.smartcardio" type="simple" />
            <root url="jrt://C:/Program Files/Java/jdk-24!/java.sql" type="simple" />
            <root url="jrt://C:/Program Files/Java/jdk-24!/java.sql.rowset" type="simple" />
            <root url="jrt://C:/Program Files/Java/jdk-24!/java.transaction.xa" type="simple" />
            <root url="jrt://C:/Program Files/Java/jdk-24!/java.xml" type="simple" />
            <root url="jrt://C:/Program Files/Java/jdk-24!/java.xml.crypto" type="simple" />
            <root url="jrt://C:/Program Files/Java/jdk-24!/jdk.accessibility" type="simple" />
            <root url="jrt://C:/Program Files/Java/jdk-24!/jdk.attach" type="simple" />
            <root url="jrt://C:/Program Files/Java/jdk-24!/jdk.charsets" type="simple" />
            <root url="jrt://C:/Program Files/Java/jdk-24!/jdk.compiler" type="simple" />
            <root url="jrt://C:/Program Files/Java/jdk-24!/jdk.crypto.cryptoki" type="simple" />
            <root url="jrt://C:/Program Files/Java/jdk-24!/jdk.crypto.ec" type="simple" />
            <root url="jrt://C:/Program Files/Java/jdk-24!/jdk.crypto.mscapi" type="simple" />
            <root url="jrt://C:/Program Files/Java/jdk-24!/jdk.dynalink" type="simple" />
            <root url="jrt://C:/Program Files/Java/jdk-24!/jdk.editpad" type="simple" />
            <root url="jrt://C:/Program Files/Java/jdk-24!/jdk.graal.compiler" type="simple" />
            <root url="jrt://C:/Program Files/Java/jdk-24!/jdk.graal.compiler.lib" type="simple" />
            <root url="jrt://C:/Program Files/Java/jdk-24!/jdk.graal.compiler.management" type="simple" />
            <root url="jrt://C:/Program Files/Java/jdk-24!/jdk.hotspot.agent" type="simple" />
            <root url="jrt://C:/Program Files/Java/jdk-24!/jdk.httpserver" type="simple" />
            <root url="jrt://C:/Program Files/Java/jdk-24!/jdk.incubator.vector" type="simple" />
            <root url="jrt://C:/Program Files/Java/jdk-24!/jdk.internal.ed" type="simple" />
            <root url="jrt://C:/Program Files/Java/jdk-24!/jdk.internal.jvmstat" type="simple" />
            <root url="jrt://C:/Program Files/Java/jdk-24!/jdk.internal.le" type="simple" />
            <root url="jrt://C:/Program Files/Java/jdk-24!/jdk.internal.md" type="simple" />
            <root url="jrt://C:/Program Files/Java/jdk-24!/jdk.internal.opt" type="simple" />
            <root url="jrt://C:/Program Files/Java/jdk-24!/jdk.internal.vm.ci" type="simple" />
            <root url="jrt://C:/Program Files/Java/jdk-24!/jdk.jartool" type="simple" />
            <root url="jrt://C:/Program Files/Java/jdk-24!/jdk.javadoc" type="simple" />
            <root url="jrt://C:/Program Files/Java/jdk-24!/jdk.jcmd" type="simple" />
            <root url="jrt://C:/Program Files/Java/jdk-24!/jdk.jconsole" type="simple" />
            <root url="jrt://C:/Program Files/Java/jdk-24!/jdk.jdeps" type="simple" />
            <root url="jrt://C:/Program Files/Java/jdk-24!/jdk.jdi" type="simple" />
            <root url="jrt://C:/Program Files/Java/jdk-24!/jdk.jdwp.agent" type="simple" />
            <root url="jrt://C:/Program Files/Java/jdk-24!/jdk.jfr" type="simple" />
            <root url="jrt://C:/Program Files/Java/jdk-24!/jdk.jlink" type="simple" />
            <root url="jrt://C:/Program Files/Java/jdk-24!/jdk.jpackage" type="simple" />
            <root url="jrt://C:/Program Files/Java/jdk-24!/jdk.jshell" type="simple" />
            <root url="jrt://C:/Program Files/Java/jdk-24!/jdk.jsobject" type="simple" />
            <root url="jrt://C:/Program Files/Java/jdk-24!/jdk.jstatd" type="simple" />
            <root url="jrt://C:/Program Files/Java/jdk-24!/jdk.localedata" type="simple" />
            <root url="jrt://C:/Program Files/Java/jdk-24!/jdk.management" type="simple" />
            <root url="jrt://C:/Program Files/Java/jdk-24!/jdk.management.agent" type="simple" />
            <root url="jrt://C:/Program Files/Java/jdk-24!/jdk.management.jfr" type="simple" />
            <root url="jrt://C:/Program Files/Java/jdk-24!/jdk.naming.dns" type="simple" />
            <root url="jrt://C:/Program Files/Java/jdk-24!/jdk.naming.rmi" type="simple" />
            <root url="jrt://C:/Program Files/Java/jdk-24!/jdk.net" type="simple" />
            <root url="jrt://C:/Program Files/Java/jdk-24!/jdk.nio.mapmode" type="simple" />
            <root url="jrt://C:/Program Files/Java/jdk-24!/jdk.sctp" type="simple" />
            <root url="jrt://C:/Program Files/Java/jdk-24!/jdk.security.auth" type="simple" />
            <root url="jrt://C:/Program Files/Java/jdk-24!/jdk.security.jgss" type="simple" />
            <root url="jrt://C:/Program Files/Java/jdk-24!/jdk.unsupported" type="simple" />
            <root url="jrt://C:/Program Files/Java/jdk-24!/jdk.unsupported.desktop" type="simple" />
            <root url="jrt://C:/Program Files/Java/jdk-24!/jdk.xml.dom" type="simple" />
            <root url="jrt://C:/Program Files/Java/jdk-24!/jdk.zipfs" type="simple" />
          </root>
        </classPath>
        <javadocPath>
          <root type="composite" />
        </javadocPath>
        <sourcePath>
          <root type="composite">
            <root url="jar://C:/Program Files/Java/jdk-24/lib/src.zip!/java.se" type="simple" />
            <root url="jar://C:/Program Files/Java/jdk-24/lib/src.zip!/jdk.jdi" type="simple" />
            <root url="jar://C:/Program Files/Java/jdk-24/lib/src.zip!/jdk.jfr" type="simple" />
            <root url="jar://C:/Program Files/Java/jdk-24/lib/src.zip!/jdk.net" type="simple" />
            <root url="jar://C:/Program Files/Java/jdk-24/lib/src.zip!/java.rmi" type="simple" />
            <root url="jar://C:/Program Files/Java/jdk-24/lib/src.zip!/java.sql" type="simple" />
            <root url="jar://C:/Program Files/Java/jdk-24/lib/src.zip!/java.xml" type="simple" />
            <root url="jar://C:/Program Files/Java/jdk-24/lib/src.zip!/jdk.jcmd" type="simple" />
            <root url="jar://C:/Program Files/Java/jdk-24/lib/src.zip!/jdk.sctp" type="simple" />
            <root url="jar://C:/Program Files/Java/jdk-24/lib/src.zip!/java.base" type="simple" />
            <root url="jar://C:/Program Files/Java/jdk-24/lib/src.zip!/jdk.jdeps" type="simple" />
            <root url="jar://C:/Program Files/Java/jdk-24/lib/src.zip!/jdk.jlink" type="simple" />
            <root url="jar://C:/Program Files/Java/jdk-24/lib/src.zip!/jdk.zipfs" type="simple" />
            <root url="jar://C:/Program Files/Java/jdk-24/lib/src.zip!/java.prefs" type="simple" />
            <root url="jar://C:/Program Files/Java/jdk-24/lib/src.zip!/jdk.attach" type="simple" />
            <root url="jar://C:/Program Files/Java/jdk-24/lib/src.zip!/jdk.jshell" type="simple" />
            <root url="jar://C:/Program Files/Java/jdk-24/lib/src.zip!/jdk.jstatd" type="simple" />
            <root url="jar://C:/Program Files/Java/jdk-24/lib/src.zip!/java.naming" type="simple" />
            <root url="jar://C:/Program Files/Java/jdk-24/lib/src.zip!/jdk.editpad" type="simple" />
            <root url="jar://C:/Program Files/Java/jdk-24/lib/src.zip!/jdk.jartool" type="simple" />
            <root url="jar://C:/Program Files/Java/jdk-24/lib/src.zip!/jdk.javadoc" type="simple" />
            <root url="jar://C:/Program Files/Java/jdk-24/lib/src.zip!/jdk.xml.dom" type="simple" />
            <root url="jar://C:/Program Files/Java/jdk-24/lib/src.zip!/java.desktop" type="simple" />
            <root url="jar://C:/Program Files/Java/jdk-24/lib/src.zip!/java.logging" type="simple" />
            <root url="jar://C:/Program Files/Java/jdk-24/lib/src.zip!/jdk.charsets" type="simple" />
            <root url="jar://C:/Program Files/Java/jdk-24/lib/src.zip!/jdk.compiler" type="simple" />
            <root url="jar://C:/Program Files/Java/jdk-24/lib/src.zip!/jdk.dynalink" type="simple" />
            <root url="jar://C:/Program Files/Java/jdk-24/lib/src.zip!/jdk.jconsole" type="simple" />
            <root url="jar://C:/Program Files/Java/jdk-24/lib/src.zip!/jdk.jpackage" type="simple" />
            <root url="jar://C:/Program Files/Java/jdk-24/lib/src.zip!/jdk.jsobject" type="simple" />
            <root url="jar://C:/Program Files/Java/jdk-24/lib/src.zip!/java.compiler" type="simple" />
            <root url="jar://C:/Program Files/Java/jdk-24/lib/src.zip!/java.net.http" type="simple" />
            <root url="jar://C:/Program Files/Java/jdk-24/lib/src.zip!/jdk.crypto.ec" type="simple" />
            <root url="jar://C:/Program Files/Java/jdk-24/lib/src.zip!/java.scripting" type="simple" />
            <root url="jar://C:/Program Files/Java/jdk-24/lib/src.zip!/jdk.httpserver" type="simple" />
            <root url="jar://C:/Program Files/Java/jdk-24/lib/src.zip!/jdk.jdwp.agent" type="simple" />
            <root url="jar://C:/Program Files/Java/jdk-24/lib/src.zip!/jdk.localedata" type="simple" />
            <root url="jar://C:/Program Files/Java/jdk-24/lib/src.zip!/jdk.management" type="simple" />
            <root url="jar://C:/Program Files/Java/jdk-24/lib/src.zip!/jdk.naming.dns" type="simple" />
            <root url="jar://C:/Program Files/Java/jdk-24/lib/src.zip!/jdk.naming.rmi" type="simple" />
            <root url="jar://C:/Program Files/Java/jdk-24/lib/src.zip!/java.instrument" type="simple" />
            <root url="jar://C:/Program Files/Java/jdk-24/lib/src.zip!/java.management" type="simple" />
            <root url="jar://C:/Program Files/Java/jdk-24/lib/src.zip!/java.sql.rowset" type="simple" />
            <root url="jar://C:/Program Files/Java/jdk-24/lib/src.zip!/java.xml.crypto" type="simple" />
            <root url="jar://C:/Program Files/Java/jdk-24/lib/src.zip!/jdk.internal.ed" type="simple" />
            <root url="jar://C:/Program Files/Java/jdk-24/lib/src.zip!/jdk.internal.le" type="simple" />
            <root url="jar://C:/Program Files/Java/jdk-24/lib/src.zip!/jdk.internal.md" type="simple" />
            <root url="jar://C:/Program Files/Java/jdk-24/lib/src.zip!/jdk.nio.mapmode" type="simple" />
            <root url="jar://C:/Program Files/Java/jdk-24/lib/src.zip!/jdk.unsupported" type="simple" />
            <root url="jar://C:/Program Files/Java/jdk-24/lib/src.zip!/java.smartcardio" type="simple" />
            <root url="jar://C:/Program Files/Java/jdk-24/lib/src.zip!/jdk.internal.opt" type="simple" />
            <root url="jar://C:/Program Files/Java/jdk-24/lib/src.zip!/java.datatransfer" type="simple" />
            <root url="jar://C:/Program Files/Java/jdk-24/lib/src.zip!/jdk.accessibility" type="simple" />
            <root url="jar://C:/Program Files/Java/jdk-24/lib/src.zip!/jdk.crypto.mscapi" type="simple" />
            <root url="jar://C:/Program Files/Java/jdk-24/lib/src.zip!/jdk.hotspot.agent" type="simple" />
            <root url="jar://C:/Program Files/Java/jdk-24/lib/src.zip!/jdk.security.auth" type="simple" />
            <root url="jar://C:/Program Files/Java/jdk-24/lib/src.zip!/jdk.security.jgss" type="simple" />
            <root url="jar://C:/Program Files/Java/jdk-24/lib/src.zip!/java.security.jgss" type="simple" />
            <root url="jar://C:/Program Files/Java/jdk-24/lib/src.zip!/java.security.sasl" type="simple" />
            <root url="jar://C:/Program Files/Java/jdk-24/lib/src.zip!/jdk.graal.compiler" type="simple" />
            <root url="jar://C:/Program Files/Java/jdk-24/lib/src.zip!/jdk.internal.vm.ci" type="simple" />
            <root url="jar://C:/Program Files/Java/jdk-24/lib/src.zip!/jdk.management.jfr" type="simple" />
            <root url="jar://C:/Program Files/Java/jdk-24/lib/src.zip!/java.management.rmi" type="simple" />
            <root url="jar://C:/Program Files/Java/jdk-24/lib/src.zip!/java.transaction.xa" type="simple" />
            <root url="jar://C:/Program Files/Java/jdk-24/lib/src.zip!/jdk.crypto.cryptoki" type="simple" />
            <root url="jar://C:/Program Files/Java/jdk-24/lib/src.zip!/jdk.incubator.vector" type="simple" />
            <root url="jar://C:/Program Files/Java/jdk-24/lib/src.zip!/jdk.internal.jvmstat" type="simple" />
            <root url="jar://C:/Program Files/Java/jdk-24/lib/src.zip!/jdk.management.agent" type="simple" />
            <root url="jar://C:/Program Files/Java/jdk-24/lib/src.zip!/jdk.unsupported.desktop" type="simple" />
            <root url="jar://C:/Program Files/Java/jdk-24/lib/src.zip!/jdk.graal.compiler.management" type="simple" />
          </root>
        </sourcePath>
      </roots>
    </jdk>
    <jdk version="2">
      <name value="21" />
      <type value="JavaSDK" />
      <version value="Amazon Corretto 21.0.9" />
      <homePath value="C:/Program Files/Amazon Corretto/jdk21.0.9_10" />
      <roots>
        <annotationsPath>
          <root type="composite">
            <root url="jar://$APPLICATION_HOME_DIR$/plugins/java/lib/resources/jdkAnnotations.jar!/" type="simple" />
          </root>
        </annotationsPath>
        <classPath>
          <root type="composite">
            <root url="jrt://C:/Program Files/Amazon Corretto/jdk21.0.9_10!/java.base" type="simple" />
            <root url="jrt://C:/Program Files/Amazon Corretto/jdk21.0.9_10!/java.compiler" type="simple" />
            <root url="jrt://C:/Program Files/Amazon Corretto/jdk21.0.9_10!/java.datatransfer" type="simple" />
            <root url="jrt://C:/Program Files/Amazon Corretto/jdk21.0.9_10!/java.desktop" type="simple" />
            <root url="jrt://C:/Program Files/Amazon Corretto/jdk21.0.9_10!/java.instrument" type="simple" />
            <root url="jrt://C:/Program Files/Amazon Corretto/jdk21.0.9_10!/java.logging" type="simple" />
            <root url="jrt://C:/Program Files/Amazon Corretto/jdk21.0.9_10!/java.management" type="simple" />
            <root url="jrt://C:/Program Files/Amazon Corretto/jdk21.0.9_10!/java.management.rmi" type="simple" />
            <root url="jrt://C:/Program Files/Amazon Corretto/jdk21.0.9_10!/java.naming" type="simple" />
            <root url="jrt://C:/Program Files/Amazon Corretto/jdk21.0.9_10!/java.net.http" type="simple" />
            <root url="jrt://C:/Program Files/Amazon Corretto/jdk21.0.9_10!/java.prefs" type="simple" />
            <root url="jrt://C:/Program Files/Amazon Corretto/jdk21.0.9_10!/java.rmi" type="simple" />
            <root url="jrt://C:/Program Files/Amazon Corretto/jdk21.0.9_10!/java.scripting" type="simple" />
            <root url="jrt://C:/Program Files/Amazon Corretto/jdk21.0.9_10!/java.se" type="simple" />
            <root url="jrt://C:/Program Files/Amazon Corretto/jdk21.0.9_10!/java.security.jgss" type="simple" />
            <root url="jrt://C:/Program Files/Amazon Corretto/jdk21.0.9_10!/java.security.sasl" type="simple" />
            <root url="jrt://C:/Program Files/Amazon Corretto/jdk21.0.9_10!/java.smartcardio" type="simple" />
            <root url="jrt://C:/Program Files/Amazon Corretto/jdk21.0.9_10!/java.sql" type="simple" />
            <root url="jrt://C:/Program Files/Amazon Corretto/jdk21.0.9_10!/java.sql.rowset" type="simple" />
            <root url="jrt://C:/Program Files/Amazon Corretto/jdk21.0.9_10!/java.transaction.xa" type="simple" />
            <root url="jrt://C:/Program Files/Amazon Corretto/jdk21.0.9_10!/java.xml" type="simple" />
            <root url="jrt://C:/Program Files/Amazon Corretto/jdk21.0.9_10!/java.xml.crypto" type="simple" />
            <root url="jrt://C:/Program Files/Amazon Corretto/jdk21.0.9_10!/jdk.accessibility" type="simple" />
            <root url="jrt://C:/Program Files/Amazon Corretto/jdk21.0.9_10!/jdk.attach" type="simple" />
            <root url="jrt://C:/Program Files/Amazon Corretto/jdk21.0.9_10!/jdk.charsets" type="simple" />
            <root url="jrt://C:/Program Files/Amazon Corretto/jdk21.0.9_10!/jdk.compiler" type="simple" />
            <root url="jrt://C:/Program Files/Amazon Corretto/jdk21.0.9_10!/jdk.crypto.cryptoki" type="simple" />
            <root url="jrt://C:/Program Files/Amazon Corretto/jdk21.0.9_10!/jdk.crypto.ec" type="simple" />
            <root url="jrt://C:/Program Files/Amazon Corretto/jdk21.0.9_10!/jdk.crypto.mscapi" type="simple" />
            <root url="jrt://C:/Program Files/Amazon Corretto/jdk21.0.9_10!/jdk.dynalink" type="simple" />
            <root url="jrt://C:/Program Files/Amazon Corretto/jdk21.0.9_10!/jdk.editpad" type="simple" />
            <root url="jrt://C:/Program Files/Amazon Corretto/jdk21.0.9_10!/jdk.hotspot.agent" type="simple" />
            <root url="jrt://C:/Program Files/Amazon Corretto/jdk21.0.9_10!/jdk.httpserver" type="simple" />
            <root url="jrt://C:/Program Files/Amazon Corretto/jdk21.0.9_10!/jdk.incubator.vector" type="simple" />
            <root url="jrt://C:/Program Files/Amazon Corretto/jdk21.0.9_10!/jdk.internal.ed" type="simple" />
            <root url="jrt://C:/Program Files/Amazon Corretto/jdk21.0.9_10!/jdk.internal.jvmstat" type="simple" />
            <root url="jrt://C:/Program Files/Amazon Corretto/jdk21.0.9_10!/jdk.internal.le" type="simple" />
            <root url="jrt://C:/Program Files/Amazon Corretto/jdk21.0.9_10!/jdk.internal.opt" type="simple" />
            <root url="jrt://C:/Program Files/Amazon Corretto/jdk21.0.9_10!/jdk.internal.vm.ci" type="simple" />
            <root url="jrt://C:/Program Files/Amazon Corretto/jdk21.0.9_10!/jdk.internal.vm.compiler" type="simple" />
            <root url="jrt://C:/Program Files/Amazon Corretto/jdk21.0.9_10!/jdk.internal.vm.compiler.management" type="simple" />
            <root url="jrt://C:/Program Files/Amazon Corretto/jdk21.0.9_10!/jdk.jartool" type="simple" />
            <root url="jrt://C:/Program Files/Amazon Corretto/jdk21.0.9_10!/jdk.javadoc" type="simple" />
            <root url="jrt://C:/Program Files/Amazon Corretto/jdk21.0.9_10!/jdk.jcmd" type="simple" />
            <root url="jrt://C:/Program Files/Amazon Corretto/jdk21.0.9_10!/jdk.jconsole" type="simple" />
            <root url="jrt://C:/Program Files/Amazon Corretto/jdk21.0.9_10!/jdk.jdeps" type="simple" />
            <root url="jrt://C:/Program Files/Amazon Corretto/jdk21.0.9_10!/jdk.jdi" type="simple" />
            <root url="jrt://C:/Program Files/Amazon Corretto/jdk21.0.9_10!/jdk.jdwp.agent" type="simple" />
            <root url="jrt://C:/Program Files/Amazon Corretto/jdk21.0.9_10!/jdk.jfr" type="simple" />
            <root url="jrt://C:/Program Files/Amazon Corretto/jdk21.0.9_10!/jdk.jlink" type="simple" />
            <root url="jrt://C:/Program Files/Amazon Corretto/jdk21.0.9_10!/jdk.jpackage" type="simple" />
            <root url="jrt://C:/Program Files/Amazon Corretto/jdk21.0.9_10!/jdk.jshell" type="simple" />
            <root url="jrt://C:/Program Files/Amazon Corretto/jdk21.0.9_10!/jdk.jsobject" type="simple" />
            <root url="jrt://C:/Program Files/Amazon Corretto/jdk21.0.9_10!/jdk.jstatd" type="simple" />
            <root url="jrt://C:/Program Files/Amazon Corretto/jdk21.0.9_10!/jdk.localedata" type="simple" />
            <root url="jrt://C:/Program Files/Amazon Corretto/jdk21.0.9_10!/jdk.management" type="simple" />
            <root url="jrt://C:/Program Files/Amazon Corretto/jdk21.0.9_10!/jdk.management.agent" type="simple" />
            <root url="jrt://C:/Program Files/Amazon Corretto/jdk21.0.9_10!/jdk.management.jfr" type="simple" />
            <root url="jrt://C:/Program Files/Amazon Corretto/jdk21.0.9_10!/jdk.naming.dns" type="simple" />
            <root url="jrt://C:/Program Files/Amazon Corretto/jdk21.0.9_10!/jdk.naming.rmi" type="simple" />
            <root url="jrt://C:/Program Files/Amazon Corretto/jdk21.0.9_10!/jdk.net" type="simple" />
            <root url="jrt://C:/Program Files/Amazon Corretto/jdk21.0.9_10!/jdk.nio.mapmode" type="simple" />
            <root url="jrt://C:/Program Files/Amazon Corretto/jdk21.0.9_10!/jdk.random" type="simple" />
            <root url="jrt://C:/Program Files/Amazon Corretto/jdk21.0.9_10!/jdk.sctp" type="simple" />
            <root url="jrt://C:/Program Files/Amazon Corretto/jdk21.0.9_10!/jdk.security.auth" type="simple" />
            <root url="jrt://C:/Program Files/Amazon Corretto/jdk21.0.9_10!/jdk.security.jgss" type="simple" />
            <root url="jrt://C:/Program Files/Amazon Corretto/jdk21.0.9_10!/jdk.unsupported" type="simple" />
            <root url="jrt://C:/Program Files/Amazon Corretto/jdk21.0.9_10!/jdk.unsupported.desktop" type="simple" />
            <root url="jrt://C:/Program Files/Amazon Corretto/jdk21.0.9_10!/jdk.xml.dom" type="simple" />
            <root url="jrt://C:/Program Files/Amazon Corretto/jdk21.0.9_10!/jdk.zipfs" type="simple" />
          </root>
        </classPath>
        <javadocPath>
          <root type="composite" />
        </javadocPath>
        <sourcePath>
          <root type="composite">
            <root url="jar://C:/Program Files/Amazon Corretto/jdk21.0.9_10/lib/src.zip!/java.se" type="simple" />
            <root url="jar://C:/Program Files/Amazon Corretto/jdk21.0.9_10/lib/src.zip!/jdk.jdi" type="simple" />
            <root url="jar://C:/Program Files/Amazon Corretto/jdk21.0.9_10/lib/src.zip!/jdk.jfr" type="simple" />
            <root url="jar://C:/Program Files/Amazon Corretto/jdk21.0.9_10/lib/src.zip!/jdk.net" type="simple" />
            <root url="jar://C:/Program Files/Amazon Corretto/jdk21.0.9_10/lib/src.zip!/java.rmi" type="simple" />
            <root url="jar://C:/Program Files/Amazon Corretto/jdk21.0.9_10/lib/src.zip!/java.sql" type="simple" />
            <root url="jar://C:/Program Files/Amazon Corretto/jdk21.0.9_10/lib/src.zip!/java.xml" type="simple" />
            <root url="jar://C:/Program Files/Amazon Corretto/jdk21.0.9_10/lib/src.zip!/jdk.jcmd" type="simple" />
            <root url="jar://C:/Program Files/Amazon Corretto/jdk21.0.9_10/lib/src.zip!/jdk.sctp" type="simple" />
            <root url="jar://C:/Program Files/Amazon Corretto/jdk21.0.9_10/lib/src.zip!/java.base" type="simple" />
            <root url="jar://C:/Program Files/Amazon Corretto/jdk21.0.9_10/lib/src.zip!/jdk.jdeps" type="simple" />
            <root url="jar://C:/Program Files/Amazon Corretto/jdk21.0.9_10/lib/src.zip!/jdk.jlink" type="simple" />
            <root url="jar://C:/Program Files/Amazon Corretto/jdk21.0.9_10/lib/src.zip!/jdk.zipfs" type="simple" />
            <root url="jar://C:/Program Files/Amazon Corretto/jdk21.0.9_10/lib/src.zip!/java.prefs" type="simple" />
            <root url="jar://C:/Program Files/Amazon Corretto/jdk21.0.9_10/lib/src.zip!/jdk.attach" type="simple" />
            <root url="jar://C:/Program Files/Amazon Corretto/jdk21.0.9_10/lib/src.zip!/jdk.jshell" type="simple" />
            <root url="jar://C:/Program Files/Amazon Corretto/jdk21.0.9_10/lib/src.zip!/jdk.jstatd" type="simple" />
            <root url="jar://C:/Program Files/Amazon Corretto/jdk21.0.9_10/lib/src.zip!/jdk.random" type="simple" />
            <root url="jar://C:/Program Files/Amazon Corretto/jdk21.0.9_10/lib/src.zip!/java.naming" type="simple" />
            <root url="jar://C:/Program Files/Amazon Corretto/jdk21.0.9_10/lib/src.zip!/jdk.editpad" type="simple" />
            <root url="jar://C:/Program Files/Amazon Corretto/jdk21.0.9_10/lib/src.zip!/jdk.jartool" type="simple" />
            <root url="jar://C:/Program Files/Amazon Corretto/jdk21.0.9_10/lib/src.zip!/jdk.javadoc" type="simple" />
            <root url="jar://C:/Program Files/Amazon Corretto/jdk21.0.9_10/lib/src.zip!/jdk.xml.dom" type="simple" />
            <root url="jar://C:/Program Files/Amazon Corretto/jdk21.0.9_10/lib/src.zip!/java.desktop" type="simple" />
            <root url="jar://C:/Program Files/Amazon Corretto/jdk21.0.9_10/lib/src.zip!/java.logging" type="simple" />
            <root url="jar://C:/Program Files/Amazon Corretto/jdk21.0.9_10/lib/src.zip!/jdk.charsets" type="simple" />
            <root url="jar://C:/Program Files/Amazon Corretto/jdk21.0.9_10/lib/src.zip!/jdk.compiler" type="simple" />
            <root url="jar://C:/Program Files/Amazon Corretto/jdk21.0.9_10/lib/src.zip!/jdk.dynalink" type="simple" />
            <root url="jar://C:/Program Files/Amazon Corretto/jdk21.0.9_10/lib/src.zip!/jdk.jconsole" type="simple" />
            <root url="jar://C:/Program Files/Amazon Corretto/jdk21.0.9_10/lib/src.zip!/jdk.jpackage" type="simple" />
            <root url="jar://C:/Program Files/Amazon Corretto/jdk21.0.9_10/lib/src.zip!/jdk.jsobject" type="simple" />
            <root url="jar://C:/Program Files/Amazon Corretto/jdk21.0.9_10/lib/src.zip!/java.compiler" type="simple" />
            <root url="jar://C:/Program Files/Amazon Corretto/jdk21.0.9_10/lib/src.zip!/java.net.http" type="simple" />
            <root url="jar://C:/Program Files/Amazon Corretto/jdk21.0.9_10/lib/src.zip!/jdk.crypto.ec" type="simple" />
            <root url="jar://C:/Program Files/Amazon Corretto/jdk21.0.9_10/lib/src.zip!/java.scripting" type="simple" />
            <root url="jar://C:/Program Files/Amazon Corretto/jdk21.0.9_10/lib/src.zip!/jdk.httpserver" type="simple" />
            <root url="jar://C:/Program Files/Amazon Corretto/jdk21.0.9_10/lib/src.zip!/jdk.jdwp.agent" type="simple" />
            <root url="jar://C:/Program Files/Amazon Corretto/jdk21.0.9_10/lib/src.zip!/jdk.localedata" type="simple" />
            <root url="jar://C:/Program Files/Amazon Corretto/jdk21.0.9_10/lib/src.zip!/jdk.management" type="simple" />
            <root url="jar://C:/Program Files/Amazon Corretto/jdk21.0.9_10/lib/src.zip!/jdk.naming.dns" type="simple" />
            <root url="jar://C:/Program Files/Amazon Corretto/jdk21.0.9_10/lib/src.zip!/jdk.naming.rmi" type="simple" />
            <root url="jar://C:/Program Files/Amazon Corretto/jdk21.0.9_10/lib/src.zip!/java.instrument" type="simple" />
            <root url="jar://C:/Program Files/Amazon Corretto/jdk21.0.9_10/lib/src.zip!/java.management" type="simple" />
            <root url="jar://C:/Program Files/Amazon Corretto/jdk21.0.9_10/lib/src.zip!/java.sql.rowset" type="simple" />
            <root url="jar://C:/Program Files/Amazon Corretto/jdk21.0.9_10/lib/src.zip!/java.xml.crypto" type="simple" />
            <root url="jar://C:/Program Files/Amazon Corretto/jdk21.0.9_10/lib/src.zip!/jdk.internal.ed" type="simple" />
            <root url="jar://C:/Program Files/Amazon Corretto/jdk21.0.9_10/lib/src.zip!/jdk.internal.le" type="simple" />
            <root url="jar://C:/Program Files/Amazon Corretto/jdk21.0.9_10/lib/src.zip!/jdk.nio.mapmode" type="simple" />
            <root url="jar://C:/Program Files/Amazon Corretto/jdk21.0.9_10/lib/src.zip!/jdk.unsupported" type="simple" />
            <root url="jar://C:/Program Files/Amazon Corretto/jdk21.0.9_10/lib/src.zip!/java.smartcardio" type="simple" />
            <root url="jar://C:/Program Files/Amazon Corretto/jdk21.0.9_10/lib/src.zip!/jdk.internal.opt" type="simple" />
            <root url="jar://C:/Program Files/Amazon Corretto/jdk21.0.9_10/lib/src.zip!/java.datatransfer" type="simple" />
            <root url="jar://C:/Program Files/Amazon Corretto/jdk21.0.9_10/lib/src.zip!/jdk.accessibility" type="simple" />
            <root url="jar://C:/Program Files/Amazon Corretto/jdk21.0.9_10/lib/src.zip!/jdk.crypto.mscapi" type="simple" />
            <root url="jar://C:/Program Files/Amazon Corretto/jdk21.0.9_10/lib/src.zip!/jdk.hotspot.agent" type="simple" />
            <root url="jar://C:/Program Files/Amazon Corretto/jdk21.0.9_10/lib/src.zip!/jdk.security.auth" type="simple" />
            <root url="jar://C:/Program Files/Amazon Corretto/jdk21.0.9_10/lib/src.zip!/jdk.security.jgss" type="simple" />
            <root url="jar://C:/Program Files/Amazon Corretto/jdk21.0.9_10/lib/src.zip!/java.security.jgss" type="simple" />
            <root url="jar://C:/Program Files/Amazon Corretto/jdk21.0.9_10/lib/src.zip!/java.security.sasl" type="simple" />
            <root url="jar://C:/Program Files/Amazon Corretto/jdk21.0.9_10/lib/src.zip!/jdk.internal.vm.ci" type="simple" />
            <root url="jar://C:/Program Files/Amazon Corretto/jdk21.0.9_10/lib/src.zip!/jdk.management.jfr" type="simple" />
            <root url="jar://C:/Program Files/Amazon Corretto/jdk21.0.9_10/lib/src.zip!/java.management.rmi" type="simple" />
            <root url="jar://C:/Program Files/Amazon Corretto/jdk21.0.9_10/lib/src.zip!/java.transaction.xa" type="simple" />
            <root url="jar://C:/Program Files/Amazon Corretto/jdk21.0.9_10/lib/src.zip!/jdk.crypto.cryptoki" type="simple" />
            <root url="jar://C:/Program Files/Amazon Corretto/jdk21.0.9_10/lib/src.zip!/jdk.incubator.vector" type="simple" />
            <root url="jar://C:/Program Files/Amazon Corretto/jdk21.0.9_10/lib/src.zip!/jdk.internal.jvmstat" type="simple" />
            <root url="jar://C:/Program Files/Amazon Corretto/jdk21.0.9_10/lib/src.zip!/jdk.management.agent" type="simple" />
            <root url="jar://C:/Program Files/Amazon Corretto/jdk21.0.9_10/lib/src.zip!/jdk.unsupported.desktop" type="simple" />
            <root url="jar://C:/Program Files/Amazon Corretto/jdk21.0.9_10/lib/src.zip!/jdk.internal.vm.compiler" type="simple" />
            <root url="jar://C:/Program Files/Amazon Corretto/jdk21.0.9_10/lib/src.zip!/jdk.internal.vm.compiler.management" type="simple" />
          </root>
        </sourcePath>
      </roots>
    </jdk>
    <jdk version="2">
      <name value="17" />
      <type value="JavaSDK" />
      <version value="Microsoft OpenJDK 17.0.17" />
      <homePath value="$USER_HOME$/.jdks/ms-17.0.17" />
      <roots>
        <annotationsPath>
          <root type="composite">
            <root url="jar://$APPLICATION_HOME_DIR$/plugins/java/lib/resources/jdkAnnotations.jar!/" type="simple" />
          </root>
        </annotationsPath>
        <classPath>
          <root type="composite">
            <root url="jrt://$USER_HOME$/.jdks/ms-17.0.17!/java.base" type="simple" />
            <root url="jrt://$USER_HOME$/.jdks/ms-17.0.17!/java.compiler" type="simple" />
            <root url="jrt://$USER_HOME$/.jdks/ms-17.0.17!/java.datatransfer" type="simple" />
            <root url="jrt://$USER_HOME$/.jdks/ms-17.0.17!/java.desktop" type="simple" />
            <root url="jrt://$USER_HOME$/.jdks/ms-17.0.17!/java.instrument" type="simple" />
            <root url="jrt://$USER_HOME$/.jdks/ms-17.0.17!/java.logging" type="simple" />
            <root url="jrt://$USER_HOME$/.jdks/ms-17.0.17!/java.management" type="simple" />
            <root url="jrt://$USER_HOME$/.jdks/ms-17.0.17!/java.management.rmi" type="simple" />
            <root url="jrt://$USER_HOME$/.jdks/ms-17.0.17!/java.naming" type="simple" />
            <root url="jrt://$USER_HOME$/.jdks/ms-17.0.17!/java.net.http" type="simple" />
            <root url="jrt://$USER_HOME$/.jdks/ms-17.0.17!/java.prefs" type="simple" />
            <root url="jrt://$USER_HOME$/.jdks/ms-17.0.17!/java.rmi" type="simple" />
            <root url="jrt://$USER_HOME$/.jdks/ms-17.0.17!/java.scripting" type="simple" />
            <root url="jrt://$USER_HOME$/.jdks/ms-17.0.17!/java.se" type="simple" />
            <root url="jrt://$USER_HOME$/.jdks/ms-17.0.17!/java.security.jgss" type="simple" />
            <root url="jrt://$USER_HOME$/.jdks/ms-17.0.17!/java.security.sasl" type="simple" />
            <root url="jrt://$USER_HOME$/.jdks/ms-17.0.17!/java.smartcardio" type="simple" />
            <root url="jrt://$USER_HOME$/.jdks/ms-17.0.17!/java.sql" type="simple" />
            <root url="jrt://$USER_HOME$/.jdks/ms-17.0.17!/java.sql.rowset" type="simple" />
            <root url="jrt://$USER_HOME$/.jdks/ms-17.0.17!/java.transaction.xa" type="simple" />
            <root url="jrt://$USER_HOME$/.jdks/ms-17.0.17!/java.xml" type="simple" />
            <root url="jrt://$USER_HOME$/.jdks/ms-17.0.17!/java.xml.crypto" type="simple" />
            <root url="jrt://$USER_HOME$/.jdks/ms-17.0.17!/jdk.accessibility" type="simple" />
            <root url="jrt://$USER_HOME$/.jdks/ms-17.0.17!/jdk.attach" type="simple" />
            <root url="jrt://$USER_HOME$/.jdks/ms-17.0.17!/jdk.charsets" type="simple" />
            <root url="jrt://$USER_HOME$/.jdks/ms-17.0.17!/jdk.compiler" type="simple" />
            <root url="jrt://$USER_HOME$/.jdks/ms-17.0.17!/jdk.crypto.cryptoki" type="simple" />
            <root url="jrt://$USER_HOME$/.jdks/ms-17.0.17!/jdk.crypto.ec" type="simple" />
            <root url="jrt://$USER_HOME$/.jdks/ms-17.0.17!/jdk.crypto.mscapi" type="simple" />
            <root url="jrt://$USER_HOME$/.jdks/ms-17.0.17!/jdk.dynalink" type="simple" />
            <root url="jrt://$USER_HOME$/.jdks/ms-17.0.17!/jdk.editpad" type="simple" />
            <root url="jrt://$USER_HOME$/.jdks/ms-17.0.17!/jdk.hotspot.agent" type="simple" />
            <root url="jrt://$USER_HOME$/.jdks/ms-17.0.17!/jdk.httpserver" type="simple" />
            <root url="jrt://$USER_HOME$/.jdks/ms-17.0.17!/jdk.incubator.foreign" type="simple" />
            <root url="jrt://$USER_HOME$/.jdks/ms-17.0.17!/jdk.incubator.vector" type="simple" />
            <root url="jrt://$USER_HOME$/.jdks/ms-17.0.17!/jdk.internal.ed" type="simple" />
            <root url="jrt://$USER_HOME$/.jdks/ms-17.0.17!/jdk.internal.jvmstat" type="simple" />
            <root url="jrt://$USER_HOME$/.jdks/ms-17.0.17!/jdk.internal.le" type="simple" />
            <root url="jrt://$USER_HOME$/.jdks/ms-17.0.17!/jdk.internal.opt" type="simple" />
            <root url="jrt://$USER_HOME$/.jdks/ms-17.0.17!/jdk.internal.vm.ci" type="simple" />
            <root url="jrt://$USER_HOME$/.jdks/ms-17.0.17!/jdk.internal.vm.compiler" type="simple" />
            <root url="jrt://$USER_HOME$/.jdks/ms-17.0.17!/jdk.internal.vm.compiler.management" type="simple" />
            <root url="jrt://$USER_HOME$/.jdks/ms-17.0.17!/jdk.jartool" type="simple" />
            <root url="jrt://$USER_HOME$/.jdks/ms-17.0.17!/jdk.javadoc" type="simple" />
            <root url="jrt://$USER_HOME$/.jdks/ms-17.0.17!/jdk.jcmd" type="simple" />
            <root url="jrt://$USER_HOME$/.jdks/ms-17.0.17!/jdk.jconsole" type="simple" />
            <root url="jrt://$USER_HOME$/.jdks/ms-17.0.17!/jdk.jdeps" type="simple" />
            <root url="jrt://$USER_HOME$/.jdks/ms-17.0.17!/jdk.jdi" type="simple" />
            <root url="jrt://$USER_HOME$/.jdks/ms-17.0.17!/jdk.jdwp.agent" type="simple" />
            <root url="jrt://$USER_HOME$/.jdks/ms-17.0.17!/jdk.jfr" type="simple" />
            <root url="jrt://$USER_HOME$/.jdks/ms-17.0.17!/jdk.jlink" type="simple" />
            <root url="jrt://$USER_HOME$/.jdks/ms-17.0.17!/jdk.jpackage" type="simple" />
            <root url="jrt://$USER_HOME$/.jdks/ms-17.0.17!/jdk.jshell" type="simple" />
            <root url="jrt://$USER_HOME$/.jdks/ms-17.0.17!/jdk.jsobject" type="simple" />
            <root url="jrt://$USER_HOME$/.jdks/ms-17.0.17!/jdk.jstatd" type="simple" />
            <root url="jrt://$USER_HOME$/.jdks/ms-17.0.17!/jdk.localedata" type="simple" />
            <root url="jrt://$USER_HOME$/.jdks/ms-17.0.17!/jdk.management" type="simple" />
            <root url="jrt://$USER_HOME$/.jdks/ms-17.0.17!/jdk.management.agent" type="simple" />
            <root url="jrt://$USER_HOME$/.jdks/ms-17.0.17!/jdk.management.jfr" type="simple" />
            <root url="jrt://$USER_HOME$/.jdks/ms-17.0.17!/jdk.naming.dns" type="simple" />
            <root url="jrt://$USER_HOME$/.jdks/ms-17.0.17!/jdk.naming.rmi" type="simple" />
            <root url="jrt://$USER_HOME$/.jdks/ms-17.0.17!/jdk.net" type="simple" />
            <root url="jrt://$USER_HOME$/.jdks/ms-17.0.17!/jdk.nio.mapmode" type="simple" />
            <root url="jrt://$USER_HOME$/.jdks/ms-17.0.17!/jdk.random" type="simple" />
            <root url="jrt://$USER_HOME$/.jdks/ms-17.0.17!/jdk.sctp" type="simple" />
            <root url="jrt://$USER_HOME$/.jdks/ms-17.0.17!/jdk.security.auth" type="simple" />
            <root url="jrt://$USER_HOME$/.jdks/ms-17.0.17!/jdk.security.jgss" type="simple" />
            <root url="jrt://$USER_HOME$/.jdks/ms-17.0.17!/jdk.unsupported" type="simple" />
            <root url="jrt://$USER_HOME$/.jdks/ms-17.0.17!/jdk.unsupported.desktop" type="simple" />
            <root url="jrt://$USER_HOME$/.jdks/ms-17.0.17!/jdk.xml.dom" type="simple" />
            <root url="jrt://$USER_HOME$/.jdks/ms-17.0.17!/jdk.zipfs" type="simple" />
          </root>
        </classPath>
        <javadocPath>
          <root type="composite" />
        </javadocPath>
        <sourcePath>
          <root type="composite">
            <root url="jar://$USER_HOME$/.jdks/ms-17.0.17/lib/src.zip!/java.se" type="simple" />
            <root url="jar://$USER_HOME$/.jdks/ms-17.0.17/lib/src.zip!/jdk.jdi" type="simple" />
            <root url="jar://$USER_HOME$/.jdks/ms-17.0.17/lib/src.zip!/jdk.jfr" type="simple" />
            <root url="jar://$USER_HOME$/.jdks/ms-17.0.17/lib/src.zip!/jdk.net" type="simple" />
            <root url="jar://$USER_HOME$/.jdks/ms-17.0.17/lib/src.zip!/java.rmi" type="simple" />
            <root url="jar://$USER_HOME$/.jdks/ms-17.0.17/lib/src.zip!/java.sql" type="simple" />
            <root url="jar://$USER_HOME$/.jdks/ms-17.0.17/lib/src.zip!/java.xml" type="simple" />
            <root url="jar://$USER_HOME$/.jdks/ms-17.0.17/lib/src.zip!/jdk.jcmd" type="simple" />
            <root url="jar://$USER_HOME$/.jdks/ms-17.0.17/lib/src.zip!/jdk.sctp" type="simple" />
            <root url="jar://$USER_HOME$/.jdks/ms-17.0.17/lib/src.zip!/java.base" type="simple" />
            <root url="jar://$USER_HOME$/.jdks/ms-17.0.17/lib/src.zip!/jdk.jdeps" type="simple" />
            <root url="jar://$USER_HOME$/.jdks/ms-17.0.17/lib/src.zip!/jdk.jlink" type="simple" />
            <root url="jar://$USER_HOME$/.jdks/ms-17.0.17/lib/src.zip!/jdk.zipfs" type="simple" />
            <root url="jar://$USER_HOME$/.jdks/ms-17.0.17/lib/src.zip!/java.prefs" type="simple" />
            <root url="jar://$USER_HOME$/.jdks/ms-17.0.17/lib/src.zip!/jdk.attach" type="simple" />
            <root url="jar://$USER_HOME$/.jdks/ms-17.0.17/lib/src.zip!/jdk.jshell" type="simple" />
            <root url="jar://$USER_HOME$/.jdks/ms-17.0.17/lib/src.zip!/jdk.jstatd" type="simple" />
            <root url="jar://$USER_HOME$/.jdks/ms-17.0.17/lib/src.zip!/jdk.random" type="simple" />
            <root url="jar://$USER_HOME$/.jdks/ms-17.0.17/lib/src.zip!/java.naming" type="simple" />
            <root url="jar://$USER_HOME$/.jdks/ms-17.0.17/lib/src.zip!/jdk.editpad" type="simple" />
            <root url="jar://$USER_HOME$/.jdks/ms-17.0.17/lib/src.zip!/jdk.jartool" type="simple" />
            <root url="jar://$USER_HOME$/.jdks/ms-17.0.17/lib/src.zip!/jdk.javadoc" type="simple" />
            <root url="jar://$USER_HOME$/.jdks/ms-17.0.17/lib/src.zip!/jdk.xml.dom" type="simple" />
            <root url="jar://$USER_HOME$/.jdks/ms-17.0.17/lib/src.zip!/java.desktop" type="simple" />
            <root url="jar://$USER_HOME$/.jdks/ms-17.0.17/lib/src.zip!/java.logging" type="simple" />
            <root url="jar://$USER_HOME$/.jdks/ms-17.0.17/lib/src.zip!/jdk.charsets" type="simple" />
            <root url="jar://$USER_HOME$/.jdks/ms-17.0.17/lib/src.zip!/jdk.compiler" type="simple" />
            <root url="jar://$USER_HOME$/.jdks/ms-17.0.17/lib/src.zip!/jdk.dynalink" type="simple" />
            <root url="jar://$USER_HOME$/.jdks/ms-17.0.17/lib/src.zip!/jdk.jconsole" type="simple" />
            <root url="jar://$USER_HOME$/.jdks/ms-17.0.17/lib/src.zip!/jdk.jpackage" type="simple" />
            <root url="jar://$USER_HOME$/.jdks/ms-17.0.17/lib/src.zip!/jdk.jsobject" type="simple" />
            <root url="jar://$USER_HOME$/.jdks/ms-17.0.17/lib/src.zip!/java.compiler" type="simple" />
            <root url="jar://$USER_HOME$/.jdks/ms-17.0.17/lib/src.zip!/java.net.http" type="simple" />
            <root url="jar://$USER_HOME$/.jdks/ms-17.0.17/lib/src.zip!/jdk.crypto.ec" type="simple" />
            <root url="jar://$USER_HOME$/.jdks/ms-17.0.17/lib/src.zip!/java.scripting" type="simple" />
            <root url="jar://$USER_HOME$/.jdks/ms-17.0.17/lib/src.zip!/jdk.httpserver" type="simple" />
            <root url="jar://$USER_HOME$/.jdks/ms-17.0.17/lib/src.zip!/jdk.jdwp.agent" type="simple" />
            <root url="jar://$USER_HOME$/.jdks/ms-17.0.17/lib/src.zip!/jdk.localedata" type="simple" />
            <root url="jar://$USER_HOME$/.jdks/ms-17.0.17/lib/src.zip!/jdk.management" type="simple" />
            <root url="jar://$USER_HOME$/.jdks/ms-17.0.17/lib/src.zip!/jdk.naming.dns" type="simple" />
            <root url="jar://$USER_HOME$/.jdks/ms-17.0.17/lib/src.zip!/jdk.naming.rmi" type="simple" />
            <root url="jar://$USER_HOME$/.jdks/ms-17.0.17/lib/src.zip!/java.instrument" type="simple" />
            <root url="jar://$USER_HOME$/.jdks/ms-17.0.17/lib/src.zip!/java.management" type="simple" />
            <root url="jar://$USER_HOME$/.jdks/ms-17.0.17/lib/src.zip!/java.sql.rowset" type="simple" />
            <root url="jar://$USER_HOME$/.jdks/ms-17.0.17/lib/src.zip!/java.xml.crypto" type="simple" />
            <root url="jar://$USER_HOME$/.jdks/ms-17.0.17/lib/src.zip!/jdk.internal.ed" type="simple" />
            <root url="jar://$USER_HOME$/.jdks/ms-17.0.17/lib/src.zip!/jdk.internal.le" type="simple" />
            <root url="jar://$USER_HOME$/.jdks/ms-17.0.17/lib/src.zip!/jdk.nio.mapmode" type="simple" />
            <root url="jar://$USER_HOME$/.jdks/ms-17.0.17/lib/src.zip!/jdk.unsupported" type="simple" />
            <root url="jar://$USER_HOME$/.jdks/ms-17.0.17/lib/src.zip!/java.smartcardio" type="simple" />
            <root url="jar://$USER_HOME$/.jdks/ms-17.0.17/lib/src.zip!/jdk.internal.opt" type="simple" />
            <root url="jar://$USER_HOME$/.jdks/ms-17.0.17/lib/src.zip!/java.datatransfer" type="simple" />
            <root url="jar://$USER_HOME$/.jdks/ms-17.0.17/lib/src.zip!/jdk.accessibility" type="simple" />
            <root url="jar://$USER_HOME$/.jdks/ms-17.0.17/lib/src.zip!/jdk.crypto.mscapi" type="simple" />
            <root url="jar://$USER_HOME$/.jdks/ms-17.0.17/lib/src.zip!/jdk.hotspot.agent" type="simple" />
            <root url="jar://$USER_HOME$/.jdks/ms-17.0.17/lib/src.zip!/jdk.security.auth" type="simple" />
            <root url="jar://$USER_HOME$/.jdks/ms-17.0.17/lib/src.zip!/jdk.security.jgss" type="simple" />
            <root url="jar://$USER_HOME$/.jdks/ms-17.0.17/lib/src.zip!/java.security.jgss" type="simple" />
            <root url="jar://$USER_HOME$/.jdks/ms-17.0.17/lib/src.zip!/java.security.sasl" type="simple" />
            <root url="jar://$USER_HOME$/.jdks/ms-17.0.17/lib/src.zip!/jdk.internal.vm.ci" type="simple" />
            <root url="jar://$USER_HOME$/.jdks/ms-17.0.17/lib/src.zip!/jdk.management.jfr" type="simple" />
            <root url="jar://$USER_HOME$/.jdks/ms-17.0.17/lib/src.zip!/java.management.rmi" type="simple" />
            <root url="jar://$USER_HOME$/.jdks/ms-17.0.17/lib/src.zip!/java.transaction.xa" type="simple" />
            <root url="jar://$USER_HOME$/.jdks/ms-17.0.17/lib/src.zip!/jdk.crypto.cryptoki" type="simple" />
            <root url="jar://$USER_HOME$/.jdks/ms-17.0.17/lib/src.zip!/jdk.incubator.vector" type="simple" />
            <root url="jar://$USER_HOME$/.jdks/ms-17.0.17/lib/src.zip!/jdk.internal.jvmstat" type="simple" />
            <root url="jar://$USER_HOME$/.jdks/ms-17.0.17/lib/src.zip!/jdk.management.agent" type="simple" />
            <root url="jar://$USER_HOME$/.jdks/ms-17.0.17/lib/src.zip!/jdk.incubator.foreign" type="simple" />
            <root url="jar://$USER_HOME$/.jdks/ms-17.0.17/lib/src.zip!/jdk.unsupported.desktop" type="simple" />
            <root url="jar://$USER_HOME$/.jdks/ms-17.0.17/lib/src.zip!/jdk.internal.vm.compiler" type="simple" />
            <root url="jar://$USER_HOME$/.jdks/ms-17.0.17/lib/src.zip!/jdk.internal.vm.compiler.management" type="simple" />
          </root>
        </sourcePath>
      </roots>
    </jdk>
  </component>
</application>