<application>
  <component name="ProjectManager">
    <defaultProject>
      <component name="WindowStateProjectService">
        <state x="630" y="151" width="909" height="806" key="new project wizard" timestamp="1767131621372">
          <screen x="0" y="0" width="1920" height="1032" />
        </state>
        <state x="630" y="151" width="909" height="806" key="new project wizard/0.0.1920.1032/-1366.91.1366.720" timestamp="1767131621372" />
      </component>
    </defaultProject>
  </component>
</application>