<application>
  <component name="Trusted.Paths">
    <option name="TRUSTED_PROJECT_PATHS">
      <map>
        <entry key="C:\Users\USUARIO\Documents\JAVA\.git\Arreglos" value="true" />
        <entry key="C:\Users\USUARIO\Documents\JAVA\Arreglos" value="true" />
        <entry key="C:\Users\USUARIO\Documents\JAVA\HolaMundo\HolaMundo" value="true" />
        <entry key="C:\Users\USUARIO\Documents\JAVA\matrices" value="true" />
        <entry key="C:\Users\USUARIO\Documents\JAVA\poo" value="true" />
        <entry key="C:\Users\USUARIO\Documents\JAVA\prueba" value="true" />
        <entry key="C:\Users\USUARIO\Documents\SENAGIST\SENAGIST - Copia 2 - Control - Suele ser más actual\Backend" value="true" />
        <entry key="C:\Users\USUARIO\Downloads\Senagist-main (1)\Senagist-main\Backend" value="true" />
        <entry key="C:\Users\USUARIO\JAVA" value="true" />
      </map>
    </option>
  </component>
</application>