<application>
  <component name="DimensionService">
    <size key="GridCell.Tab.0.left.0.0.1920.1080" width="1838" height="295" />
    <size key="GridCell.Tab.0.center.0.0.1920.1080" width="1838" height="295" />
    <size key="GridCell.Tab.0.right.0.0.1920.1080" width="1838" height="295" />
    <size key="GridCell.Tab.0.bottom.0.0.1920.1080" width="1838" height="295" />
    <size key="GridCell.Tab.1.left.0.0.1920.1080" width="1838" height="295" />
    <size key="GridCell.Tab.1.center.0.0.1920.1080" width="1838" height="295" />
    <size key="GridCell.Tab.1.right.0.0.1920.1080" width="1838" height="295" />
    <size key="GridCell.Tab.1.bottom.0.0.1920.1080" width="1838" height="295" />
  </component>
  <component name="WindowManager">
    <frame x="260" y="20" width="1400" height="992" />
  </component>
</application>